{
  "accuracy": 0.6125,
  "perClass": {
    "SAFE": {
      "tp": 38,
      "fp": 29,
      "fn": 1,
      "precision": 0.5671641791044776,
      "recall": 0.9743589743589743,
      "f1": 0.7169811320754718
    },
    "INJECTION": {
      "tp": 10,
      "fp": 2,
      "fn": 11,
      "precision": 0.8333333333333334,
      "recall": 0.47619047619047616,
      "f1": 0.6060606060606061
    },
    "JAILBREAK": {
      "tp": 1,
      "fp": 0,
      "fn": 15,
      "precision": 1,
      "recall": 0.0625,
      "f1": 0.11764705882352941
    },
    "EXFILTRATION": {
      "tp": 0,
      "fp": 0,
      "fn": 4,
      "precision": 0,
      "recall": 0,
      "f1": 0
    }
  },
  "confusionMatrix": {
    "SAFE": {
      "SAFE": 38,
      "INJECTION": 1,
      "JAILBREAK": 0,
      "EXFILTRATION": 0
    },
    "INJECTION": {
      "SAFE": 11,
      "INJECTION": 10,
      "JAILBREAK": 0,
      "EXFILTRATION": 0
    },
    "JAILBREAK": {
      "SAFE": 14,
      "INJECTION": 1,
      "JAILBREAK": 1,
      "EXFILTRATION": 0
    },
    "EXFILTRATION": {
      "SAFE": 4,
      "INJECTION": 0,
      "JAILBREAK": 0,
      "EXFILTRATION": 0
    }
  },
  "binary": {
    "blockedPrecision": 0.9230769230769231,
    "blockedRecall": 0.2926829268292683,
    "blockedF1": 0.4444444444444444,
    "falsePositiveRate": 0.02564102564102564
  },
  "latencyMs": {
    "mean": 2756.02773302817,
    "p50": 2328.264750000002,
    "p95": 6782.559915999998
  },
  "n": 80,
  "meta": {
    "timestamp": "2026-05-25T19:17:39.016Z",
    "valPath": "data/sft/val.jsonl",
    "adapter": null,
    "base": "qwen3_1_7b"
  }
}