{
  "generated_at": "2026-05-26T07:28:38.915Z",
  "val_path": "data/holdout_novel.jsonl",
  "pattern_counts": {
    "injectionPatterns": 8,
    "jailbreakPatterns": 14,
    "exfiltrationPatterns": 17
  },
  "coverage": {
    "total_rows": 1710,
    "heuristic_hits": 198,
    "heuristic_misses_fallthrough_to_lora": 1512,
    "attack_rows": 537,
    "attack_rows_caught_by_heuristic": 191,
    "attack_catch_rate": 0.35567970204841715,
    "safe_rows": 1173,
    "safe_rows_wrongly_flagged": 7,
    "heuristic_false_positive_rate": 0.005967604433077579
  },
  "metrics": {
    "n": 1710,
    "accuracy": 0.7760233918128655,
    "perClass": {
      "SAFE": {
        "tp": 1166,
        "fp": 346,
        "fn": 7,
        "precision": 0.7711640211640212,
        "recall": 0.9940323955669225,
        "f1": 0.8685288640595904
      },
      "INJECTION": {
        "tp": 138,
        "fp": 18,
        "fn": 281,
        "precision": 0.8846153846153846,
        "recall": 0.32935560859188545,
        "f1": 0.48
      },
      "JAILBREAK": {
        "tp": 23,
        "fp": 15,
        "fn": 95,
        "precision": 0.6052631578947368,
        "recall": 0.19491525423728814,
        "f1": 0.2948717948717949
      },
      "EXFILTRATION": {
        "tp": 0,
        "fp": 4,
        "fn": 0,
        "precision": 0,
        "recall": 0,
        "f1": 0
      }
    },
    "confusion": {
      "SAFE": {
        "SAFE": 1166,
        "INJECTION": 0,
        "JAILBREAK": 7,
        "EXFILTRATION": 0
      },
      "INJECTION": {
        "SAFE": 269,
        "INJECTION": 138,
        "JAILBREAK": 8,
        "EXFILTRATION": 4
      },
      "JAILBREAK": {
        "SAFE": 77,
        "INJECTION": 18,
        "JAILBREAK": 23,
        "EXFILTRATION": 0
      },
      "EXFILTRATION": {
        "SAFE": 0,
        "INJECTION": 0,
        "JAILBREAK": 0,
        "EXFILTRATION": 0
      }
    },
    "binary": {
      "tp": 191,
      "fp": 7,
      "fn": 346,
      "tn": 1166,
      "precision": 0.9646464646464646,
      "recall": 0.35567970204841715,
      "f1": 0.5197278911564626,
      "fpRate": 0.005967604433077579
    }
  }
}